servicio|email|clave|usuarios|fecha_vencimiento|notas|puestos_ocupados|puestos_totales
FlujoTv||41deusua|231aadet|Mariadela Level el; Benito Lazeter el|2025-05-20||2|3
FlujoTv||321sadert|223sadetu||2025-05-20|NUEVOS|0|3
FlujoTv||61sahyre|21ferete||2025-05-20|NUEVOS|0|3
FlujoTv||41sadwtui|34fasertu|Paul nava mz|2025-05-20|NUEVO|1|3
Netflix|tutiendamargarita9+mgdo@gmail.com||20kiwi|Nicole Porras gm; Sihara Pérez gm; Marlene Rodriguez gm; Virginia Reyes el; Juan Carlos Pabón el|2025-05-20||5|5
Amazon|priusa146@maildav.com|pila5252|Andrea brochero gm; Yojhanna Garcia gm; Carlos Martinez gm|2025-05-20||3|5
HBOMAX|xjose20xc+dn124@gmail.com|6867derrbb|miguel araujo gm; Jade Moya gm; Mariangel Fernández el; victoria matos mz|2025-05-20||4|5
Disney|xjose20xc+pm118@gmail.com|pino6591|Verónica Montaño gm; Carlos Martinez gm|2025-05-20||2|7
Canva|mvrq03@gmail.com|MamiFer01**||2025-05-21|CORTAR|0|1
Canva|Juliocesarmarcanotote@gmail.com|19023302julio||2025-05-21|CORTAR|0|1
Canva|Delmavilli20@gmail.com|Delma123||2025-05-21|CORTAR|0|1
Canva|Arellanokarla980@gmail.com|Socopo12.*||2025-05-21|CORTAR|0|1
Canva|haiddedhuergo@gmail.com|14002812*hai||2025-05-21|CORTAR|0|1
Canva|luisi2009cass@gmail.com|Lromero2009$$||2025-05-21|CORTAR|0|1
FlujoTv|zangarita088@gmail.com|28175363Z||2025-05-21|x1mes el|0|3
FlujoTv|andreavecchionacce@gmail.com|Andrea270799$||2025-05-21|x 1m el|0|3
FlujoTv|Yorkleidy.alvarez@gmail.com|Prospera88||2025-05-21|x 1 mes gm|0|3
FlujoTv||27sahwtw|12ivone||2025-05-21||0|3
FlujoTv||71genesi|172upir||2025-05-21||0|3
Netflix|Tutiendamargarita1+d@gmail.com||21fresa|Alida López el; Maria cristina mz; María falconi mz|2025-05-21||3|5
Netflix|Tutiendamargarita3+flin@gmail.com||21fresa||2025-05-21||0|5
PRIVADAS|diciX2O6K2I1@yopmail.com||21fresa|Sofia ordaz perfil 7$|2025-05-21|pago hasta junio; PIN 11 julio 2025|1|7
PRIVADAS|teamhannan2023+res@gmail.com||21fresa|Andrea brochero perfil 7$|2025-05-21|pago hasta junio; FALTA PIN|1|7
PRIVADAS|Teamhannan2023+ccina@gmail.com||21nono|Daniel Sánchez|2025-05-21|2 PERFILES; SI PAGA PIN FECHA, SINO CORTAR|1|7
PRIVADAS|Tutiendamargarita6+cade@gmail.com||21dede|Alfredo Perrone|2025-05-21|pin hasta julio. SI PAGA ANOTAR|1|7
PRIVADAS|tutiendamargarita3+nuna@gmail.com||26hola|antonieta Arcaya|2025-05-21|PERFIL 7$; SI PAGA PIN FECHA, SINO CORTAR|1|7
PRIVADAS|tutiendamargarita2+twz@gmail.com||21nono|Maria Gabriela Gonzalez Rojas|2025-05-21|11$; pago hasta junio|1|7
PRIVADAS|tutiendamargarita2+cmt@gmail.com||20perape|thairis sanchez|2025-05-21|SI PAGA PIN FECHA, SINO CORTAR|1|7
